"source","target","color","type"
"Carvajal Sinisterra Gustavo Adolfo","Carvajal","#AAAAAA","curve"
"Tas Walter","Colpatria","#AAAAAA","curve"
"García-Moreno Elizondo Carlos José","Claro Móvil","#AAAAAA","curve"
"Rodríguez Cofre Daniel Alberto","Jumbo","#AAAAAA","curve"
"González Apango Fernando","Claro Móvil","#AAAAAA","curve"
"Moreno Zapata Paula Marcela","Emcali","#AAAAAA","curve"
"Rey Parra Carlos Arturo","EEB","#AAAAAA","curve"
"Pérez Dávila Carlos Alejandro","Bavaria","#AAAAAA","curve"
"Garcés Jordán Jorge","Terpel","#AAAAAA","curve"
"Gundermann Wylie Enrique","Sodimac","#AAAAAA","curve"
"Navarro Beltrán Eduardo","Terpel","#AAAAAA","curve"
"Zanotti Cavazzoni Mario Luis","Tigo","#AAAAAA","curve"
"Ljubetic Garib Leonardo","Terpel","#AAAAAA","curve"
"Arata Izquiel José Francisco","Pacific Rubiales","#AAAAAA","curve"
"Jaramillo Gómez Gabriel Arturo","Terpel","#AAAAAA","curve"
"Mejía González Jorge Alejandro","Colmotores","#AAAAAA","curve"
"Álvarez-Pallete López José María","Telefónica Colombia","#AAAAAA","curve"
"Cabrera Izquierdo Oscar","BBVA","#AAAAAA","curve"
"Chazarra Bernabe Pedro","Electricaribe","#AAAAAA","curve"
"Silva Salamanca Roberto","Orbis","#AAAAAA","curve"
"Ferreira Rueda Horacio","Ecopetrol","#AAAAAA","curve"
"Carvajal Bonnet Álvaro","Davivienda","#AAAAAA","curve"
"Zárate Sánchez Gabriel Humberto","Davivienda","#AAAAAA","curve"
"Aguirre Martínez Andrés","Protección","#AAAAAA","curve"
"Arango Vélez Luis Carlos","Protección","#AAAAAA","curve"
"Arroyave Lema Alberto","EPM","#AAAAAA","curve"
"Fernández Andrade Rubén Hernando","EPM","#AAAAAA","curve"
"Mejía Correa Manuel Santiago","Alkosto","#AAAAAA","curve"
"Vega Juan Lucas","Éxito","#AAAAAA","curve"
"Velásquez Botero Jaime Alberto","Suramericana Seguros de Vida","#AAAAAA","curve"
"Arango Uribe Carlos Guillermo","Davivienda","#AAAAAA","curve"
"Restrepo Londoño Andrés","Tigo","#AAAAAA","curve"
"Velásquez Cock Álvaro de Jesús","Banco de Bogotá","#AAAAAA","curve"
"Plata Paez Luis Guillermo","Bavaria","#AAAAAA","curve"
"Solbes Pons Francesc","Electricaribe","#AAAAAA","curve"
"Durán Martínez Camilo Francisco","Exxonmobil","#AAAAAA","curve"
"Gómez Pineda Goizueta Iñigo Iñigo","Colsanitas","#AAAAAA","curve"
"Efromovich Germán","Avianca","#AAAAAA","curve"
"Basset Eric Eloy","Jumbo","#AAAAAA","curve"
"Maiztegui Ricardo José","Tigo","#AAAAAA","curve"
"Cruells Ricardo Andrés","Colpatria","#AAAAAA","curve"
"Klurfan Eduardo Alberto","Colpatria","#AAAAAA","curve"
"Cardona Uribe José Fernando","Nueva EPS","#AAAAAA","curve"
"Pérez García Miguel Alberto","Colsubsidio","#AAAAAA","curve"
"Andueza Fouque Jorge","Terpel","#AAAAAA","curve"
"Krause Niclas Stefan","Jumbo","#AAAAAA","curve"
"Simancas Narváez Carlos Fidel","EEB","#AAAAAA","curve"
"Omaetxebarria Gainza José Domingo","BBVA","#AAAAAA","curve"
"Iragorri Rizo Mauricio","Banco de Occidente","#AAAAAA","curve"
"Otoya Rojas Juan Manuel","Electricaribe","#AAAAAA","curve"
"Bojanini García David Emilio","Bancolombia","#AAAAAA","curve"
"Ibáñez Londoño Ana María","Éxito","#AAAAAA","curve"
"Villa Gallo Boris","EEB","#AAAAAA","curve"
"Noero Arango Vicente","Codensa","#AAAAAA","curve"
"Perry Rubio Guillermo","Banco de Bogotá","#AAAAAA","curve"
"Ayerbe Muñoz Felipe","Éxito","#AAAAAA","curve"
"Ayerbe Muñoz Felipe","Éxito","#AAAAAA","curve"
"Ayerbe Muñoz Julio Manuel","Colpatria","#AAAAAA","curve"
"Arboleda Casas Sergio","Banco de Bogotá","#AAAAAA","curve"
"Archila Cabal Juan Carlos","Claro Móvil","#AAAAAA","curve"
"Arrieta Padilla Carlos Gustavo","Reficar","#AAAAAA","curve"
"Caballero Argáez Carlos","BBVA","#AAAAAA","curve"
"Goggel Bonilla Andrés","Alpina","#AAAAAA","curve"
"Hidalgo Salazar Andrés","Claro Móvil","#AAAAAA","curve"
"Hommes Rodríguez Rudolf","Bavaria","#AAAAAA","curve"
"Junguito Pombo Roberto","Carbones del Cerrejón","#AAAAAA","curve"
"Linares Martínez Jose Miguel","Drummond","#AAAAAA","curve"
"Pacheco Cortés Eduardo","Colpatria","#AAAAAA","curve"
"Pacheco Cortés Rodrigo","Colpatria","#AAAAAA","curve"
"Rodríguez Becerra Manuel Cipriano","Bavaria","#AAAAAA","curve"
"Salazar Mejía Federico","Davivienda","#AAAAAA","curve"
"Teicher Graunman León","Cementos Argos","#AAAAAA","curve"
"Uribe Arboleda Sergio","Banco de Bogotá","#AAAAAA","curve"
"Bonilla Otoya Liliana","Banco de Occidente","#AAAAAA","curve"
"Tamayo Arango Gustavo","Claro Móvil","#AAAAAA","curve"
"Alarcón Mantilla Luis Fernando","ISA","#AAAAAA","curve"
"Aparicio Smith Mónica","Avianca","#AAAAAA","curve"
"Carrizosa Calle Martín","Colpatria","#AAAAAA","curve"
"Cifuentes Muñoz Felipe","BBVA","#AAAAAA","curve"
"De Francisco Valenzuela Camilo","Promigás","#AAAAAA","curve"
"Dussán Villaveces Manuel Ignacio","Celsia","#AAAAAA","curve"
"Fernández González Juan Pablo","Alpina","#AAAAAA","curve"
"Gómez Cerón Gustavo","Codensa","#AAAAAA","curve"
"Gómez Restrepo Hernando José","Bancolombia","#AAAAAA","curve"
"Gutiérrez Pemberthy Javier Genaro","Ecopetrol","#AAAAAA","curve"
"Lafaurie Rivera Luisa Fernanda","Éxito","#AAAAAA","curve"
"Maldonado Umaña Mauricio","Promigás","#AAAAAA","curve"
"Nova Estrada Martín","Éxito","#AAAAAA","curve"
"Peláez Arango Álvaro","Davivienda","#AAAAAA","curve"
"Ramírez Galindo Gustavo","Promigás","#AAAAAA","curve"
"Reina Echeverri Mauricio","Nutresa","#AAAAAA","curve"
"Rosales Navarro Pedro Alfonso","Ecopetrol","#AAAAAA","curve"
"Rosales Navarro Pedro","Reficar","#AAAAAA","curve"
"Sánchez Benítez Ramiro Hernando","Biomax","#AAAAAA","curve"
"Santos Mera Jaime Eduardo","Colpatria","#AAAAAA","curve"
"Sintes Ulloa María del Rosario","Colpatria","#AAAAAA","curve"
"Soto Losada Carolina","Isagen","#AAAAAA","curve"
"Suárez Esparragoza Javier José","Davivienda","#AAAAAA","curve"
"Villaveces Pardo Ricardo","Banco de Occidente","#AAAAAA","curve"
"Zaccour Urdinola Alejandro","Carvajal","#AAAAAA","curve"
"Yanovich Farbaiarz Isaac","Avianca","#AAAAAA","curve"
"Cárdenas Santamaría Mauricio","Ecopetrol","#AAAAAA","curve"
"Escovar Gómez Sylvia","Terpel","#AAAAAA","curve"
"González Estrada Tomás","Ecopetrol","#AAAAAA","curve"
"Mallarino Flórez Gonzalo","Alpina","#AAAAAA","curve"
"Steiner Sampedro Roberto Ricardo","Bancolombia","#AAAAAA","curve"
"Barreto Barrios Jose Carlos","Terpel","#AAAAAA","curve"
"Carrasquilla Barrera Alberto","Colsanitas","#AAAAAA","curve"
"Eraso Calero Carlos Fernando","Isagen","#AAAAAA","curve"
"Gutiérrez Botero Maria Lorena","Positiva Seguros de Vida","#AAAAAA","curve"
"Leiva Villamizar Oscar Armando","Positiva Seguros de Vida","#AAAAAA","curve"
"Meza Campuzano Camilo Andrés","Positiva Seguros de Vida","#AAAAAA","curve"
"Moreno Restrepo Ernesto","Codensa","#AAAAAA","curve"
"Pardo Brigard Miguel","Sodimac","#AAAAAA","curve"
"Restrepo Montoya Andres","Positiva Seguros de Vida","#AAAAAA","curve"
"Rincón Angulo Alfredo Eduardo","Coomeva","#AAAAAA","curve"
"Rivera Hernández Álvaro José","Compensar","#AAAAAA","curve"
"Sánchez Vaca Alejandro","EEB","#AAAAAA","curve"
"Campillo Orozco Mauricio","Orbis","#AAAAAA","curve"
"Carvajal Restrepo Luis Eduardo","Nutresa","#AAAAAA","curve"
"Giraldo Moreno Carlos Mario","Éxito","#AAAAAA","curve"
"Jaramillo Arango Martha Lilian","Nutresa","#AAAAAA","curve"
"Maya Maya Gabriel Ricardo","EPM","#AAAAAA","curve"
"Pérez Rojas Gonzalo Alberto","Bancolombia","#AAAAAA","curve"
"Pérez Rojas Gonzalo Alberto","Bancolombia","#AAAAAA","curve"
"González González Lucia Margarita","Nutresa","#AAAAAA","curve"
"Sarmiento Gutiérrez Luis Carlos","Banco de Bogotá","#AAAAAA","curve"
"Mejía Cardona Andrés Felipe","Protección","#AAAAAA","curve"
"Reinoso Yánez Reyes","Reficar","#AAAAAA","curve"
"Harries Grant James","Bavaria","#AAAAAA","curve"
"Restrepo Gallego Beatriz","EPM","#AAAAAA","curve"
"Alloway Mark","Davivienda","#AAAAAA","curve"
"Arbeláez Bolaños Fernando","EEB","#AAAAAA","curve"
"Gaviria Muñoz Simón","Ecopetrol","#AAAAAA","curve"
"Lippert Karl Gunther","Bavaria","#AAAAAA","curve"
"Chaveryriat Roca Frédéric","Terpel","#AAAAAA","curve"
"Kriete Ávila Roberto","Avianca","#AAAAAA","curve"
"Escudero Gómez Juan Rafael","BBVA","#AAAAAA","curve"
"Galindo Vélez Joaquin","Emgesa","#AAAAAA","curve"
"Nasser Selman Freddy Antonio","Biomax","#AAAAAA","curve"
"Álvarez-Calderón Meléndez Guillermo","Colpatria","#AAAAAA","curve"
"Solesbury Jonathan Frederick","Bavaria","#AAAAAA","curve"
"Heins Finkenstaedt Guillermo","Grupo Argos","#AAAAAA","curve"
"Saa Navia Gilberto","Banco de Occidente","#AAAAAA","curve"
"Bejarano Gutiérrez de Piñeres Claudia","Carbones del Cerrejón","#AAAAAA","curve"
"Char Chaljub Antonio","Olímpica","#AAAAAA","curve"
"Jaramillo Buitrago Álvaro Enrique","Avianca","#AAAAAA","curve"
"Celia Martínez-Aparicio Gian Piero","Olímpica","#AAAAAA","curve"
"Pardo Hasche Hilda María","Claro Móvil","#AAAAAA","curve"
"Vargas Lleras José Antonio","Codensa","#AAAAAA","curve"
"Betancourt Azcárate Claudia Beatriz","Cementos Argos","#AAAAAA","curve"
"Betancourt Azcárate Claudia Beatriz","Cementos Argos","#AAAAAA","curve"
"Córdoba Garces Rosario","Grupo Argos","#AAAAAA","curve"
"Raffo Palau Álvaro Pío","Emcali","#AAAAAA","curve"
"De Greiff Lindo Monica","Nueva EPS","#AAAAAA","curve"
"Fajardo Pinto Ernesto","Alpina","#AAAAAA","curve"
"Jaramillo Martínez Guillermo Alfonso","EEB","#AAAAAA","curve"
"Mesa Zuleta María Luisa","Celsia","#AAAAAA","curve"
"Moreno Pineda Luis Carlos","Colsubsidio","#AAAAAA","curve"
"Restrepo Abondano José Manuel","Colsubsidio","#AAAAAA","curve"
"Robledo Uribe Juan María","Porvenir","#AAAAAA","curve"
"Otero Álvarez Efraín","Banco de Occidente","#AAAAAA","curve"
"Quintero Balcázar Bernardo","Carvajal","#AAAAAA","curve"
"Arana Velasco Alfredo","Coomeva","#AAAAAA","curve"
"Acevedo Zuluaga Jorge Ignacio","Suramericana Seguros de Vida","#AAAAAA","curve"
"Agudelo Arango Ever","Suramericana Seguros de Vida","#AAAAAA","curve"
"Arango Uribe Ana Cristina","Grupo Argos","#AAAAAA","curve"
"Arango Mesa Sol Beatriz","Protección","#AAAAAA","curve"
"Aristizábal Restrepo María Clara","Nutresa","#AAAAAA","curve"
"Bernal Correa Andrés","Protección","#AAAAAA","curve"
"Botero Soto Juan Fernando","Nutresa","#AAAAAA","curve"
"Calle Restrepo Juan Esteban","EPM","#AAAAAA","curve"
"Gallego Palacio Carlos Ignacio","Grupo Argos","#AAAAAA","curve"
"Gaviria Correa Aníbal","EPM","#AAAAAA","curve"
"Londoño Posada Juan Guillermo","Celsia","#AAAAAA","curve"
"Martínez Villegas Rafael","Bancolombia","#AAAAAA","curve"
"Osorio Hurtado Sergio Andrés","Grupo Argos","#AAAAAA","curve"
"Palacio Botero Jaime Alberto","Nutresa","#AAAAAA","curve"
"Sierra Fernández Ricardo Andrés","Celsia","#AAAAAA","curve"
"Sierra Moreno Ricardo","Bancolombia","#AAAAAA","curve"
"Toro Bridge Mauricio","Protección","#AAAAAA","curve"
"Velásquez Echeverri Alberto","Nutresa","#AAAAAA","curve"
"Yanovich Mizrach Jacky","Éxito","#AAAAAA","curve"
"Zuluaga Palacio Luis Javier","Nutresa","#AAAAAA","curve"
"Paz Bautista Carlos Arcesio","Banco de Bogotá","#AAAAAA","curve"
"De Mares Colom Alfonso","Electricaribe","#AAAAAA","curve"
"Díez Gómez Carlos Mario","Éxito","#AAAAAA","curve"
"Escobar Miguel Fernando","Postobón","#AAAAAA","curve"
"Merlano Alcocer Alberto","EAAB","#AAAAAA","curve"
"Obregón Trujillo Ricardo Emilio","Orbis","#AAAAAA","curve"
"Rey Mora Dario","Familia","#AAAAAA","curve"
"Da Silva Nogueira Filipe","Éxito","#AAAAAA","curve"
"Von Hauske Solís Oscar","Claro Móvil","#AAAAAA","curve"
"Fonseca Arenas Sandra Stella","Codensa","#AAAAAA","curve"
"Luna Cabrera Carlos Alberto","Emgesa","#AAAAAA","curve"
"Beuls Marc","Tigo","#AAAAAA","curve"
"Velásquez Jaramillo Jorge Mario","Cementos Argos","#AAAAAA","curve"
"Efromovich José","Avianca","#AAAAAA","curve"
"Strasser Arnaud","Éxito","#AAAAAA","curve"
"Pasquier Bernard","Davivienda","#AAAAAA","curve"
"Dyner Rezonow Bernardo","Terpel","#AAAAAA","curve"
"Toledo Marco Antonio","Petrobras","#AAAAAA","curve"
"De Avila Benítez Isabel Cristina","Caprecom","#AAAAAA","curve"
"Parra Satizábal Carlos Alberto","Electricaribe","#AAAAAA","curve"
"Sánchez Jaramillo Óscar","ETB","#AAAAAA","curve"
"Petro Urrego Gustavo Francisco","EAAB","#AAAAAA","curve"
"Zamora Ávila Martha Lucía","EAAB","#AAAAAA","curve"
"Castellanos Reyes Erick Camilo","Claro Móvil","#AAAAAA","curve"
"Gallego Vásquez Juan Esteban","Alpina","#AAAAAA","curve"
"Múnera Posada Juan Fernando","Terpel","#AAAAAA","curve"
"Azevedo  Duarte Nilo","Petrobras","#AAAAAA","curve"
"Klepacz Eduardo","Avianca","#AAAAAA","curve"
"Gallo Restrepo Luis Gonzalo","ISA","#AAAAAA","curve"
"Carvajal Cabal Alberto","Carvajal","#AAAAAA","curve"
"Varela González Adolfo","Banco de Occidente","#AAAAAA","curve"
"De la Espriella Ossio Alfonso","Banco de Bogotá","#AAAAAA","curve"
"Benavides Estévez-Breton Juan","Celsia","#AAAAAA","curve"
"Roncallo Cabal Carlos Alberto","Alpina","#AAAAAA","curve"
"Ardila Gaviria Antonio José","Postobón","#AAAAAA","curve"
"Santo Domingo Dávila Alejandro","Bavaria","#AAAAAA","curve"
"Fuentes Pablo","Familia","#AAAAAA","curve"
"Cuestas Gómez Jose Mauricio","Positiva Seguros de Vida","#AAAAAA","curve"
"Mesa Manrique Luis Alberto","Colmotores","#AAAAAA","curve"
"Castellanos Rodríguez Claudia Lucía","EEB","#AAAAAA","curve"
"Torres Macías Álvaro","Codensa","#AAAAAA","curve"
"Castillo Jaramillo Gustavo Efrnaín","CocaCola Femsa","#AAAAAA","curve"
"Bialer Alexander","Avianca","#AAAAAA","curve"
"Dirube Santiago","Colpatria","#AAAAAA","curve"
"Elizondo  Jaime","Cemex","#AAAAAA","curve"
"González Fernando","Cemex","#AAAAAA","curve"
"Jacks Carlos","Cemex","#AAAAAA","curve"
"Zambrano Triviño Lorenzo","Cemex","#AAAAAA","curve"
"Martínez Dumitrache","Familia","#AAAAAA","curve"
"Cortés Gómez Salvador Francisco","Claro Móvil","#AAAAAA","curve"
"Resende Murssa Sara Regina","Colmotores","#AAAAAA","curve"
"Valencia Cossio Luis Ramiro","Avianca","#AAAAAA","curve"
"Abello Vives Camilo José","Cementos Argos","#AAAAAA","curve"
"Amador Andrade Mauricio","Protección","#AAAAAA","curve"
"Cárdenas Müller Mauricio","Porvenir","#AAAAAA","curve"
"Cuberos De Las Casas Felipe Andrés","Colpatria","#AAAAAA","curve"
"Fernández de Soto Valderrama Néstor","Colsubsidio","#AAAAAA","curve"
"Morris Rincón Juan Pablo","ETB","#AAAAAA","curve"
"Pinzón Sánchez Jorge Gabino","Ecopetrol","#AAAAAA","curve"
"Gutiérrez Vergara Mauricio","Banco de Occidente","#AAAAAA","curve"
"Ardila Duarte Rafael","Porvenir","#AAAAAA","curve"
"Barrero Varela Silvia","CocaCola Femsa","#AAAAAA","curve"
"Berrío Zapata Douglas","Porvenir","#AAAAAA","curve"
"Bravo Restrepo Oscar Andres","Terpel","#AAAAAA","curve"
"Coronado Orjuela María Eugenia","Gas Natural","#AAAAAA","curve"
"Coronado Orjuela María Eugenia","Gas Natural","#AAAAAA","curve"
"Cortázar Mora Beatriz","Alpina","#AAAAAA","curve"
"Cortés Arango Gloria Inés","Reficar","#AAAAAA","curve"
"Duarte Duarte Mauricio Alfonso","ETB","#AAAAAA","curve"
"Esguerra Portocarrero Juan Carlos","Isagen","#AAAAAA","curve"
"Flórez Camacho Enrique","Davivienda","#AAAAAA","curve"
"Forero Fonseca Efraín Enrique","Davivienda","#AAAAAA","curve"
"García Cañizares Juan Carlos","Bavaria","#AAAAAA","curve"
"Gaviria Jansa Ricardo","Cerromatoso","#AAAAAA","curve"
"Giraldo Bejarano Juan Pablo","Terpel","#AAAAAA","curve"
"Gómez Alzate Camilo Alberto","Colsanitas","#AAAAAA","curve"
"Gómez Arango Jaime Gilberto","Nueva EPS","#AAAAAA","curve"
"Largacha Martínez Miguel","Porvenir","#AAAAAA","curve"
"Montenegro Trujillo Armando","Biomax","#AAAAAA","curve"
"Ortiz Delgado María Fernanda","Electricaribe","#AAAAAA","curve"
"Pabón Pabón Luis Fernando","Porvenir","#AAAAAA","curve"
"Rodríguez Taylor Elizabeth Cristina","Positiva Seguros de Vida","#AAAAAA","curve"
"Rodríguez Ardila Nestor Ricardo","Compensar","#AAAAAA","curve"
"Sabbagh Sanvicente Luis Carlos","Colsanitas","#AAAAAA","curve"
"Sánchez Blanco Gabriel Armando","Terpel","#AAAAAA","curve"
"Uribe Correa Juan David","Nutresa","#AAAAAA","curve"
"Villegas Montoya Jorge Iván","Banco de Bogotá","#AAAAAA","curve"
"Mejía Castro Maria Fernanda","Celsia","#AAAAAA","curve"
"Morales Rivera Oscar Darío","Avianca","#AAAAAA","curve"
"Rojas Rodríguez Jorge","EEB","#AAAAAA","curve"
"Alarcón Villar José Manuel","ETB","#AAAAAA","curve"
"Cuéllar De Jaramillo Ana María","Banco de Bogotá","#AAAAAA","curve"
"Echeverri Correa Fabio","Telefónica Colombia","#AAAAAA","curve"
"Gnecco Iglesias Nelson Rafael","Nueva EPS","#AAAAAA","curve"
"Peña Rey David Ambrosio","Davivienda","#AAAAAA","curve"
"Ramírez Acuña Luis Fernando","Ecopetrol","#AAAAAA","curve"
"Villegas Ramírez  Fabio","Avianca","#AAAAAA","curve"
"Zuloaga Sevilla Ignacio","Porvenir","#AAAAAA","curve"
"Cormane Fandiño Javier Ignacio","Compensar","#AAAAAA","curve"
"Rodríguez Guerrero José Orlando","EEB","#AAAAAA","curve"
"Panesso Serna Fernando","Tigo","#AAAAAA","curve"
"Pérez Gutiérrez Jenaro","Colanta","#AAAAAA","curve"
"Vélez Cadavid José Alberto","Bancolombia","#AAAAAA","curve"
"Bonilla González Ricardo","EEB","#AAAAAA","curve"
"Bonilla González Ricardo","EEB","#AAAAAA","curve"
"Carvajal  Carlos Alberto","Claro Móvil","#AAAAAA","curve"
"Preciado Arbeláez Alberto","Bavaria","#AAAAAA","curve"
"Sarmiento Palacio Eduardo","ETB","#AAAAAA","curve"
"Isaza Delgado José Fernando","Banco de Bogotá","#AAAAAA","curve"
"Loaiza Herrera José Gabriel","Éxito","#AAAAAA","curve"
"Serna Valencia Juan Guillermo","Avianca","#AAAAAA","curve"
"Vesga Perdomo Héctor","Banco de Occidente","#AAAAAA","curve"
"Álvarez Álvarez Julio","Porvenir","#AAAAAA","curve"
"Vélez Cadavid Jose Alberto","Celsia","#AAAAAA","curve"
"Figueroa Jaramillo Alejandro Augusto","Banco de Bogotá","#AAAAAA","curve"
"Grosso Sandoval Guillermo Enrique","Saludcoop","#AAAAAA","curve"
"Restrepo Santamaría Nicanor","Éxito","#AAAAAA","curve"
"Rodríguez Ballesteros Augusto","EAAB","#AAAAAA","curve"
"Ardila Calderon Gerardo","EAAB","#AAAAAA","curve"
"Ardila Lulle Carlos","Postobón","#AAAAAA","curve"
"Caicedo Douat Carlos Alberto","Emcali","#AAAAAA","curve"
"Zaninovich Victoria Dimitri","Emcali","#AAAAAA","curve"
"Carvajal Albán Luis Felipe","Carvajal","#AAAAAA","curve"
"Arias Giraldo Fabio","EEB","#AAAAAA","curve"
"Cure Cure Carlos","Isagen","#AAAAAA","curve"
"Delgado Rivera Miguel Ángel","EEB","#AAAAAA","curve"
"Martínez Ortiz Astrid","Reficar","#AAAAAA","curve"
"Rengifo Hernández Milton","EEB","#AAAAAA","curve"
"Roa Barragán Ricardo","Codensa","#AAAAAA","curve"
"Roa Barragán Ricardo","Codensa","#AAAAAA","curve"
"Ruiz González Nasly Jennifer","EEB","#AAAAAA","curve"
"Aranda Moreno Sergio Manuel","Electricaribe","#AAAAAA","curve"
"Jaramillo Botero José Oscar","Terpel","#AAAAAA","curve"
"Arbeláez Sierra Luis Fernando","EPM","#AAAAAA","curve"
"Giraldo Arango Jorge Esteban","Grupo Argos","#AAAAAA","curve"
"Mesa Mesa Margarita Maria","Nutresa","#AAAAAA","curve"
"Yepes Jiménez Carlos Raúl","Bancolombia","#AAAAAA","curve"
"Acosta Correa David Felipe","Codensa","#AAAAAA","curve"
"Montoya Calle Juan Felipe","Éxito","#AAAAAA","curve"
"Peláez Gamboa Luis Fernando","Sofasa","#AAAAAA","curve"
"Correa Robledo Alvaro","Suramericana Seguros de Vida","#AAAAAA","curve"
"Giorgini Stefano","Cerromatoso","#AAAAAA","curve"
"La Rosa Javier","Chevron","#AAAAAA","curve"
"Mejía Castro Luis Ernesto","Promigás","#AAAAAA","curve"
"Mejía Castro Luis Ernesto","Promigás","#AAAAAA","curve"
"Scarpetta Gnecco Mario","Grupo Argos","#AAAAAA","curve"
"Rubio Díaz Lucio","Codensa","#AAAAAA","curve"
"Grimaldos Franco Diego Fernando","Electricaribe","#AAAAAA","curve"
"Voto Lucia Ferdinando","Biomax","#AAAAAA","curve"
"Restrepo Gonzalo","Ecopetrol","#AAAAAA","curve"
"Parra Parra Nelson","Cemex","#AAAAAA","curve"
"Alarcon Philippe","Éxito","#AAAAAA","curve"
"Francois David","Sofasa","#AAAAAA","curve"
"Caicedo Jaramillo César","Banco de Occidente","#AAAAAA","curve"
"Eddy Maccoy Paul Gordon","Colpatria","#AAAAAA","curve"
"Rivas Mallarino Rafael","Biomax","#AAAAAA","curve"
"Celia Martínez-Aparicio Antonio Mario","Promigás","#AAAAAA","curve"
"Crump Carvajal Mary Alice","Carvajal","#AAAAAA","curve"
"Lewis Donald","Familia","#AAAAAA","curve"
"Balbin A Luis Fernando","Colanta","#AAAAAA","curve"
"Char Abdala Farid","Olímpica","#AAAAAA","curve"
"Char Abdala Jabib","Olímpica","#AAAAAA","curve"
"Melo Acosta Jose Elias","Promigás","#AAAAAA","curve"
"Diazgranados Alzamora Joaquin Alfredo","Olímpica","#AAAAAA","curve"
"Cortés Arango Maria Cristina Gloria Inés","Nueva EPS","#AAAAAA","curve"
"Echavarría Arango Daniel","Sodimac","#AAAAAA","curve"
"Salazar Arias Ricardo","Postobón","#AAAAAA","curve"
"Dávila Armas Carlos Enrique","Cerrejón Zona Norte","#AAAAAA","curve"
"Villarroel Barrera Jorge Alberto","Sodimac","#AAAAAA","curve"
"O'meara Bautista Martha Lucia","Chevron","#AAAAAA","curve"
"Lora Borrero Julián","Emcali","#AAAAAA","curve"
"Mejía Cabal Iván Felipe","Banco de Occidente","#AAAAAA","curve"
"de Francisco Caballero Santiago","Colmotores","#AAAAAA","curve"
"Arango Cano Celestino","Coomeva","#AAAAAA","curve"
"Pantin Caravallo Ronald","Pacific Rubiales","#AAAAAA","curve"
"Jiménez Carrillo Claudia","Telefónica Colombia","#AAAAAA","curve"
"Alajmo Carrizosa Pietro","Porvenir","#AAAAAA","curve"
"Steremberg Carvajal Manuel","Carvajal","#AAAAAA","curve"
"Castro Castillo Marco Tulio","Drummond","#AAAAAA","curve"
"Araújo Castro Santander Alfredo","Drummond","#AAAAAA","curve"
"Kattan Cohen Saúl","ETB","#AAAAAA","curve"
"Conner Conner Stephen Lee","Chevron","#AAAAAA","curve"
"Ceron Coral Jaime Horacio","Colsanitas","#AAAAAA","curve"
"Mejía Correa Rafael Juan","Alkosto","#AAAAAA","curve"
"Mejía Correa Lina Maria","Alkosto","#AAAAAA","curve"
"Mejía Correa María Gloria","Alkosto","#AAAAAA","curve"
"Mejía De Londoño Olga Elena","Alkosto","#AAAAAA","curve"
"Junqueira De Oliveira Frederico Luiz","Petrobras","#AAAAAA","curve"
"Marulanda Del Valle Luis Eduardo","Cerromatoso","#AAAAAA","curve"
"Pinto Delgado Jose Armando","Samsung","#AAAAAA","curve"
"Rico Duque Germán","Exxonmobil","#AAAAAA","curve"
"Madonado Copello María Mercedes","ETB","#AAAAAA","curve"
"Salazar Duque Uriel","Reficar","#AAAAAA","curve"
"Vargas Echandía Camilo Alberto","Exxonmobil","#AAAAAA","curve"
"Roldán Eusse Humberto","Colanta","#AAAAAA","curve"
"Nasser Facusse Federico","Biomax","#AAAAAA","curve"
"Pineda Fagadale Iñigo Gomez","Colsanitas","#AAAAAA","curve"
"Rodríguez Fandeo Miguel","Pacific Rubiales","#AAAAAA","curve"
"Caicedo Fernández Luis Fernando","Coomeva","#AAAAAA","curve"
"Solé Franco Francisco","Pacific Rubiales","#AAAAAA","curve"
"Vigoya Fúquene Rocío","EAAB","#AAAAAA","curve"
"Cabrera Galvis Mauricio","EEB","#AAAAAA","curve"
"Angulo García Mauricio","Exxonmobil","#AAAAAA","curve"
"Barco García César Luis","Reficar","#AAAAAA","curve"
"Ponce García Fabricio","CocaCola Femsa ","#AAAAAA","curve"
"Saavedra García Carlos","Compensar","#AAAAAA","curve"
"Echeverry Garzón Luis Alberto Gonzalo","Colsanitas","#AAAAAA","curve"
"Rivera Germán Víctor","Pacific Rubiales","#AAAAAA","curve"
"Vargas Gibsone Bernardo","ISA","#AAAAAA","curve"
"Agudelo Gómez Rafael Leon de la Cruz","Colsanitas","#AAAAAA","curve"
"Bernal Gómez Ernesto","Exxonmobil","#AAAAAA","curve"
"Caicedo Gómez Pablo","Familia","#AAAAAA","curve"
"Mantilla Gómez Sergio Andrés","Alpina","#AAAAAA","curve"
"Sánchez Gómez Bibiana","Celsia","#AAAAAA","curve"
"López González Juan Carlos","Drummond","#AAAAAA","curve"
"Rincón González Manuel Jesús","Caprecom","#AAAAAA","curve"
"Rodríguez González - Rubio Cecilia","Cementos Argos","#AAAAAA","curve"
"Buendia Gutiérrez Carolina","Colsanitas","#AAAAAA","curve"
"Caballero Herrera Nelson","Colsubsidio","#AAAAAA","curve"
"Soto Hurtado Hector José","Biomax","#AAAAAA","curve"
"Gómez Jaramillo Alvaro","Familia","#AAAAAA","curve"
"Gómez Jaramillo José Antonio","Familia","#AAAAAA","curve"
"Trujillo Jaramillo Oscar","Biomax","#AAAAAA","curve"
"Uribe Jaramillo Luis Carlos","Éxito","#AAAAAA","curve"
"Pérez Javier Julian","Colsanitas","#AAAAAA","curve"
"Grajales Jiménez Joseba","Colsanitas","#AAAAAA","curve"
"Aristizábal Londoño Tatyana","Protección","#AAAAAA","curve"
"Londoño Londoño Rocío","Electricaribe","#AAAAAA","curve"
"Herrera Lozano José Alejandro","Codensa","#AAAAAA","curve"
"Toro Ludeke Christian","Tigo","#AAAAAA","curve"
"Zuluaga Machado Arturo","Porvenir","#AAAAAA","curve"
"Rabinovich Manevich Tulio","Terpel","#AAAAAA","curve"
"Celedon Manotas Hernando","Olímpica","#AAAAAA","curve"
"Cabrales Martínez Orlando","Codensa","#AAAAAA","curve"
"Crispín Martínez Sandra Liliana","Compensar","#AAAAAA","curve"
"Lopes Martínez Nilson","Colmotores","#AAAAAA","curve"
"Gómez McEwen Luis Carlos","Colanta","#AAAAAA","curve"
"Botero Mejía Elias","Colsubsidio","#AAAAAA","curve"
"Camargo Mejía Mauricio","Orbis","#AAAAAA","curve"
"Fernandez Mejía Luisa","Drummond","#AAAAAA","curve"
"Moreno Mejía Carlos Enrique","Sodimac","#AAAAAA","curve"
"Solano Mejía Augusto","Porvenir","#AAAAAA","curve"
"Muñoz Méndez José Eugenio","Sodimac","#AAAAAA","curve"
"Vélez Millán Álvaro Hernán","Positiva Seguros de Vida","#AAAAAA","curve"
"Fierro Montes Cristian","Codensa","#AAAAAA","curve"
"Henao Moreno Carlos Fernando","Éxito","#AAAAAA","curve"
"Velasco Musson Juan Manuel","Biomax","#AAAAAA","curve"
"Fernández Navarro Rafael","CocaCola Femsa","#AAAAAA","curve"
"Gutiérrez Navarro Miguel Ignacio","Postobón","#AAAAAA","curve"
"Gutiérrez Navarro Luis Felipe","Colsubsidio","#AAAAAA","curve"
"Echavarría Olano Álvaro Andres","Sodimac","#AAAAAA","curve"
"Lizcano Ortiz Iván Guillermo","Postobón","#AAAAAA","curve"
"Payares Ortiz Benjamín","Electricaribe","#AAAAAA","curve"
"Camacho Paez Juan Manuel","Exxonmobil","#AAAAAA","curve"
"Gómez Palacio Alfonso","Telefónica Colombia","#AAAAAA","curve"
"Torrontegui Palacios Julen","Colsanitas","#AAAAAA","curve"
"Oyala Palomá Percy","EAAB","#AAAAAA","curve"
"Rozo Palou Álvaro Antonio","Compensar","#AAAAAA","curve"
"Moreno  Papes Claudio","Alpina","#AAAAAA","curve"
"Velasquez Pérez Jorge Alberto","Nueva EPS","#AAAAAA","curve"
"Diaz Pinilla Norma Yaneth","Colsubsidio","#AAAAAA","curve"
"Rico Pinzón Luis Fernando","Isagen","#AAAAAA","curve"
"Álvarez Posada Jorge","Carbones del Cerrejón","#AAAAAA","curve"
"Ojalvo Prieto Fernando","Protección","#AAAAAA","curve"
"Tovar Pulecio Luisa Fernanda","Caprecom","#AAAAAA","curve"
"Noguera Puyl-Xicoy Lluís","Electricaribe","#AAAAAA","curve"
"Duarte Ribeiro Gilson Antonio","Chevron","#AAAAAA","curve"
"Rangel Rocha José Salomón","EAAB","#AAAAAA","curve"
"Bonilla Rodríguez Martha Aurora","Alpina","#AAAAAA","curve"
"Fernández Rodríguez Pastor","Alpina","#AAAAAA","curve"
"Manosalva Rojas Hector","Ecopetrol","#AAAAAA","curve"
"Albornoz Rugeles Monica","Chevron","#AAAAAA","curve"
"Yepes S Martin Alonso","Colanta","#AAAAAA","curve"
"Fonseca Salamanca Urbano","Caprecom","#AAAAAA","curve"
"Segovia Salas Rodolfo","Electricaribe","#AAAAAA","curve"
"Morales Sánchez Luis Gonzalo","Caprecom","#AAAAAA","curve"
"Azqueta Sánchez-Arjona Javier","Telefónica Colombia","#AAAAAA","curve"
"Saldarriaga Sanín Juan Guillermo","Orbis","#AAAAAA","curve"
"García Sanleandro José","Electricaribe","#AAAAAA","curve"
"Navas Sanz de Santamaría Pedro Miguel","Sodimac","#AAAAAA","curve"
"Gazmuri Schleyer Lorenzo","Terpel","#AAAAAA","curve"
"Nasser Selman Ricardo Antonio","Biomax","#AAAAAA","curve"
"Zuluaga Serna Óscar Iván","Protección","#AAAAAA","curve"
"Moreno Sierra Gabriel Jaime","Colanta","#AAAAAA","curve"
"Cuneo Solari Juan Bautista","Sodimac","#AAAAAA","curve"
"Edward Talintyre Nicholas John","Cerrejón Zona Norte","#AAAAAA","curve"
"Cuartas Tamayo Daniel Fernando","Colanta","#AAAAAA","curve"
"Muñoz Tamayo Rodrigo","Colsanitas","#AAAAAA","curve"
"Trujillo Tealdo Pablo","Orbis","#AAAAAA","curve"
"Ruge Téllez Orlando","Petrobras","#AAAAAA","curve"
"Maltes Tello Luis Francisco","Colsubsidio","#AAAAAA","curve"
"Múnera Tobón María de las Mercedes del Perpetuo Socorro","Colanta","#AAAAAA","curve"
"Martínez Torres Hernán Juan José","Pacific Rubiales","#AAAAAA","curve"
"Montenegro Trujillo Santiago","ISA","#AAAAAA","curve"
"Moreno Uribe Joaquín","Ecopetrol","#AAAAAA","curve"
"Piedrahíta Uribe Esteban","Cementos Argos","#AAAAAA","curve"
"Rodríguez Uribe Gloria Margarita","Porvenir","#AAAAAA","curve"
"Velásquez Uribe Ivan Dario","Postobón","#AAAAAA","curve"
"Méndez Urrutia Ramiro","Terpel","#AAAAAA","curve"
"Wulf Urrutia Carlos Nestor","Jumbo","#AAAAAA","curve"
"López Valencia Augusto","Pacific Rubiales","#AAAAAA","curve"
"Restrepo Varela Juan Guillermo","Coomeva","#AAAAAA","curve"
"Alfonso Vargas Edgar Augusto","Cerromatoso","#AAAAAA","curve"
"Velásquez Velásquez Eduardo","Colanta","#AAAAAA","curve"
"Fernandez Vélez Gabriel Enrique","Exxonmobil","#AAAAAA","curve"
"Quintaes Vello Gustavo","Colmotores","#AAAAAA","curve"
"López Vergara Leonardo","Codensa","#AAAAAA","curve"
"González Villa Sergio León","Colanta","#AAAAAA","curve"
"Perea Villa Daniel Alfonso","Terpel","#AAAAAA","curve"
"Meneses Villegas Luis German","Carbones del Cerrejón","#AAAAAA","curve"
"Gorricho Visiers Jose Andres","Colsanitas","#AAAAAA","curve"
"Fajardo Zilleruelo Rodrigo Agustín","Sodimac","#AAAAAA","curve"
"Arboleda Noel de Jesús","Colanta","#AAAAAA","curve"
"Barbier Denis","Sofasa","#AAAAAA","curve"
"Crepaldi Edvaldo Luiz","Colmotores","#AAAAAA","curve"
"De la Campa  Miguel Ángel","Pacific Rubiales","#AAAAAA","curve"
"Desjaques Yves","Éxito","#AAAAAA","curve"
"Dortch Kenneth Pearce","Drummond","#AAAAAA","curve"
"Furer Matthew Bruce","Cerrejón Zona Norte","#AAAAAA","curve"
"González Luz Mary","Colsubsidio","#AAAAAA","curve"
"Grahne Johan Mikael","Tigo","#AAAAAA","curve"
"Hurtado Ana Matilde","EAAB","#AAAAAA","curve"
"Iacono Serafino","Pacific Rubiales","#AAAAAA","curve"
"Jeong Byeong Jo","Samsung","#AAAAAA","curve"
"Kim Young Chul","Samsung","#AAAAAA","curve"
"Lang Allan Joseph","Drummond","#AAAAAA","curve"
"Lee Seonghyun","Samsung","#AAAAAA","curve"
"Mas Gustavo Alberto","Petrobras","#AAAAAA","curve"
"Mcmanus Mark John","Prodeco","#AAAAAA","curve"
"Melamed Earl","Cerrejón Zona Norte","#AAAAAA","curve"
"Michael Tracy James","Drummond","#AAAAAA","curve"
"Mills Dennis Joseph","Pacific Rubiales","#AAAAAA","curve"
"Mullen Richard Lynn","Drummond","#AAAAAA","curve"
"Petit Bernard","Éxito","#AAAAAA","curve"
"Smit Abraham","Prodeco","#AAAAAA","curve"
"Smith Frederick William","Prodeco","#AAAAAA","curve"
"Woodyer Neil","Pacific Rubiales","#AAAAAA","curve"
"Yoon Hong Kyu","Samsung","#AAAAAA","curve"
"Yun Do Hyun","Samsung","#AAAAAA","curve"
